id,email,role,isVerified,createdAt,updatedAt,name,avatarUrl,locale,phone,passwordHash,authProvider,providerSub,publicId
41,seed.user41@example.com,USER,true,2026-04-27T19:16:12Z,2026-04-27T19:16:12Z,Con Petrello,,uk,3984470335,$2a$04$Klw8.Zzw4wQfxg6GAH3YV.CPXuFvMh.fLvx3pDjF.HPhFzIDaHua2,LOCAL,,
42,seed.user42@example.com,USER,true,2026-05-06T15:56:46Z,2026-05-06T15:56:46Z,Marcel Meiner,,uk,9432278171,$2a$04$5OLFivSuFeSHXVVNdDv0fuk0BPABGQcDDhzRBrkhXbHRiEmlfYr4.,LOCAL,,
43,seed.user43@example.com,USER,false,2026-06-05T16:55:45Z,2026-06-05T16:55:45Z,Guendolen Reimer,,uk,2244713763,$2a$04$RnVr9InyYQLo1b/BmGvRheYZpayPPFcEk2FbBURMdvcZPUno7JSVG,LOCAL,,
44,seed.user44@example.com,USER,true,2026-05-21T15:18:53Z,2026-05-21T15:18:53Z,Mallissa Sidebotham,,uk,,$2a$04$8rfEXBaz9.OxreV187tboumLf1xM6VhJGYFXQFaE4QsR1TjPC.Myq,LOCAL,,
45,seed.user45@example.com,USER,true,2026-06-15T08:29:04Z,2026-06-15T08:29:04Z,Brenn Poolton,,uk,,$2a$04$nPT//spgxr5ViZrIKzZbHOgs4rJ2mXNeKpr4/bomuwM0GnFW9dtre,LOCAL,,
46,seed.user46@example.com,USER,true,2026-04-24T05:00:37Z,2026-04-24T05:00:37Z,Loralyn Billingsley,,uk,5145434664,$2a$04$rkdqpC9gtVH3x6ZN9obfw.6MASHBtG4VvJXtA3Xyj0e.cuQx56V6m,LOCAL,,
47,seed.user47@example.com,USER,true,2026-04-20T07:18:13Z,2026-04-20T07:18:13Z,Elnore Eberst,,uk,,$2a$04$TAmidpsxIZ6mooNdDyCGeu/R4ZDfPc2.pku4t75EUe8xr6PcXQB7.,LOCAL,,
48,seed.user48@example.com,USER,false,2026-06-07T11:00:45Z,2026-06-07T11:00:45Z,Ian Jurs,,uk,2917178786,$2a$04$1sPeTY1CCfq2LwueChbEJ.yJG5d5Yuf5MoLumoCtZ8WKTP5pINqGy,LOCAL,,
49,seed.user49@example.com,USER,false,2026-05-31T11:23:23Z,2026-05-31T11:23:23Z,Wilmette L'Hommee,,uk,2111992190,$2a$04$Xn2GONNdowjax75TqE/GweFHBHkDmSM9kEJvHu8S6lPP3yQIwqiQ.,LOCAL,,
50,seed.user50@example.com,USER,true,2026-06-19T18:19:02Z,2026-06-19T18:19:02Z,Gordy Aspray,,uk,,$2a$04$NIfzTGOAufDBfCmhQykOEeN9rPKmMBVMpEjwklBtdCMs3uSmnvnhG,LOCAL,,
51,seed.user51@example.com,USER,true,2026-06-16T15:54:46Z,2026-06-16T15:54:46Z,Carling Riccardo,,uk,8177249881,$2a$04$4U/N5gK1AQvRHeFgvqwsx.gCiqSBSzXM/6DmkynvMSRx9J/2Y/RQ.,LOCAL,,
52,seed.user52@example.com,USER,true,2026-05-06T02:53:38Z,2026-05-06T02:53:38Z,Yetty Rolfo,,uk,3338418398,$2a$04$qEy9d.lzKRJRaWL96egXZedvK92h6GWdnJJhy4u5FLlABgehUs7Pm,LOCAL,,
53,seed.user53@example.com,USER,false,2026-06-17T13:31:30Z,2026-06-17T13:31:30Z,Vanna Messum,,uk,6577575613,$2a$04$1.vA.Ybe10e9vSZ5sJrzb.GVvtMcSqJSHOGP/XbjCSw00Rie38iaC,LOCAL,,
54,seed.user54@example.com,USER,false,2026-05-10T15:38:35Z,2026-05-10T15:38:35Z,Hope Reidie,,uk,4892007046,$2a$04$m28IjqOtAzGI10RcmvCRVON9.ktjY5zPxGZVnGKZpWGmoF7FCain6,LOCAL,,
55,seed.user55@example.com,USER,true,2026-06-11T16:40:56Z,2026-06-11T16:40:56Z,Yoko Monnelly,,uk,1479169258,$2a$04$EKzjaSyDuB0h7CahdAyKyO6IRhkTWVyDzyMYsNVKP6UfE6AjCs4aG,LOCAL,,
56,seed.user56@example.com,USER,true,2026-05-17T11:04:32Z,2026-05-17T11:04:32Z,Jaymie Chandlar,,uk,2758062289,$2a$04$kQ03UsOeizXx.r2LF4MuI.RICc8yRv1GqNcL8hrYm79MfszB8XN4a,LOCAL,,
57,seed.user57@example.com,USER,true,2026-05-23T11:47:18Z,2026-05-23T11:47:18Z,Minna Colliver,,uk,2457812102,$2a$04$aOCQ3QLGJD1JTFBuc1AfuOjeHPUgTcLkEw4YHAMtTvgQP8Ld2wlrG,LOCAL,,
58,seed.user58@example.com,USER,false,2026-05-19T00:28:07Z,2026-05-19T00:28:07Z,Richie Gosden,,uk,8456986350,$2a$04$64KUSUCHXG/prRL8G1r1le6taA4ZfPCpnmMMsAjS4LXwLKMuMgEuO,LOCAL,,
59,seed.user59@example.com,USER,false,2026-06-13T01:22:09Z,2026-06-13T01:22:09Z,Tammie Lettington,,uk,8768098110,$2a$04$Bkrx4A8rCFeBU2yN/6pgGeyT4wPAqHiluTjr1HJeCcIsmjfskYxZu,LOCAL,,
60,seed.user60@example.com,USER,true,2026-05-15T11:57:44Z,2026-05-15T11:57:44Z,Phoebe Westby,,uk,6548206621,$2a$04$krKJuTy8Sqf6Ggxw7eBms.68dvwRQTDDXElFnMdIxli6iPEXZjGfy,LOCAL,,
61,seed.user61@example.com,USER,false,2026-04-25T06:33:46Z,2026-04-25T06:33:46Z,Jobi Baradel,,uk,2339895017,$2a$04$ZJ9ounip.yOOp8M9Z8Ewou36a2/T8p2fcCJuuWaFbr5iYwwRlBvca,LOCAL,,
62,seed.user62@example.com,USER,false,2026-05-12T10:20:07Z,2026-05-12T10:20:07Z,Edgard Hadye,,uk,8488530409,$2a$04$AAXmS6m/yPP9kV7U01kwOe.Agaz8VJxnN/IygoHjKPuvoZdRXe/OS,LOCAL,,
63,seed.user63@example.com,USER,true,2026-05-16T16:10:33Z,2026-05-16T16:10:33Z,Wakefield Rootham,,uk,6018617999,$2a$04$xVeD1KCDsS37nmuPzk4QN.I4EIxYfb4bv9VPOCy285CSRUP4qvFte,LOCAL,,
64,seed.user64@example.com,USER,true,2026-06-16T00:54:47Z,2026-06-16T00:54:47Z,Ynes Knox,,uk,4302321815,$2a$04$e/bS5FcMC8MGgGfHuyEiT.bqSFoAYCq7f3xpFGLTGSib7iJrVDRD2,LOCAL,,
65,seed.user65@example.com,USER,true,2026-05-08T13:17:30Z,2026-05-08T13:17:30Z,Alecia Crichmere,,uk,2131565065,$2a$04$0WKFIB.f4xWXqI/YE98NfO2ICNoP.Dd6vjJmtOl7dahDWpeMNhT2q,LOCAL,,
66,seed.user66@example.com,USER,false,2026-05-03T03:48:32Z,2026-05-03T03:48:32Z,Larissa Render,,uk,,$2a$04$g4Q5T507atmmbg7XpaWoAOwTan0hmGTFej/qOQQsz2jl3wu0Gn.ZC,LOCAL,,
67,seed.user67@example.com,USER,true,2026-06-11T11:44:34Z,2026-06-11T11:44:34Z,Kristyn Beaston,,uk,3411258051,$2a$04$Be2wjr0l2M6gqooz1RwA4ukXNKbhqke6weN2qHk0Mx4I4KvOV2gie,LOCAL,,
68,seed.user68@example.com,USER,false,2026-06-02T07:29:50Z,2026-06-02T07:29:50Z,Maddi Beaulieu,,uk,6129564322,$2a$04$IDVOzFtJajUOYB.uvPPIzeqz0yoRcKoNU/ujfg8DO31JGxi0sRk3C,LOCAL,,
69,seed.user69@example.com,USER,false,2026-06-16T01:09:26Z,2026-06-16T01:09:26Z,Parry Bagenal,,uk,6245523689,$2a$04$/h1icmI0CaxwzIk4f3hP1uQDgZvlsluyUicOSDs1wJ.ecJxRXuG7a,LOCAL,,
70,seed.user70@example.com,USER,false,2026-05-09T15:42:33Z,2026-05-09T15:42:33Z,Devin Normanvell,,uk,5548548137,$2a$04$9.7smKkRuxJ1VLYu5ZkonudqFKPVMlWZ5alPgCRLBscuzJ8rMFtEK,LOCAL,,
71,seed.user71@example.com,USER,false,2026-05-30T21:43:43Z,2026-05-30T21:43:43Z,Gussi Ambrozik,,uk,6758054894,$2a$04$ff0E7MpuIISiEpAT.xRAle3tbOOHsFRSd.wY66.eVTvy2zdeio.ta,LOCAL,,
72,seed.user72@example.com,USER,false,2026-06-10T14:52:00Z,2026-06-10T14:52:00Z,Jodi Faill,,uk,5622205759,$2a$04$nic2KP0whZQFC924GaQg/.jg01IVovDqoFn2FHSmm5RWNXJiU/Hv2,LOCAL,,
73,seed.user73@example.com,USER,true,2026-06-09T13:59:41Z,2026-06-09T13:59:41Z,Thorn Danilovic,,uk,6863818442,$2a$04$pWaQ1ltLPIlQuWSwcd5yq.gzcxYbEmwtued7G1NZ1zYr66qUcDGPe,LOCAL,,
74,seed.user74@example.com,USER,false,2026-05-04T07:16:01Z,2026-05-04T07:16:01Z,Liesa Snowball,,uk,3579831231,$2a$04$or1rA69Ar6.nIoOGLzMeEujSIKkZ.82VAvA4IMK7ALwO1nFL7YwJa,LOCAL,,
75,seed.user75@example.com,USER,false,2026-06-07T06:45:20Z,2026-06-07T06:45:20Z,Lynnett Kemme,,uk,8562691849,$2a$04$ysDP17NEBZfHFZm.xEMrsuAkDTn1Orem9cs2bXgKCYxJCmGtqxDYW,LOCAL,,
76,seed.user76@example.com,USER,false,2026-05-24T23:21:34Z,2026-05-24T23:21:34Z,Bibby Maton,,uk,6542693929,$2a$04$2Cl/dvdDApgIOEAbxOJD.ergLvzLtTpsmOcxxHm8uAuCFnGlkPMvC,LOCAL,,
77,seed.user77@example.com,USER,false,2026-06-04T16:21:06Z,2026-06-04T16:21:06Z,Gan Antonellini,,uk,9297327230,$2a$04$CfeHtXzRYUvf/zMitTe3Se3JDz9tNN1ZU6ECV2sb5wz6xxs/yMht.,LOCAL,,
78,seed.user78@example.com,USER,true,2026-04-25T21:54:58Z,2026-04-25T21:54:58Z,Oralle Senn,,uk,7986890851,$2a$04$GCNCG/mxdVVwMbYrkBFw9eOgkqs0YcdypZVSoifBfivgB0omf8BJ.,LOCAL,,
79,seed.user79@example.com,USER,false,2026-06-04T15:16:09Z,2026-06-04T15:16:09Z,Angel Macauley,,uk,,$2a$04$SEZd0nmQ09YufZl6kj9nuumrAOziiL3zcmIxXS/mANTWWYAyZog9C,LOCAL,,
80,seed.user80@example.com,USER,false,2026-06-05T21:37:00Z,2026-06-05T21:37:00Z,Francine Janosevic,,uk,,$2a$04$AMBA6iuTZyZtU7wrrhBB0OK24YR8avW/XsYFwyrRK5ouR.MATEc9W,LOCAL,,
81,seed.user81@example.com,USER,true,2026-06-13T19:54:19Z,2026-06-13T19:54:19Z,Flynn Eymor,,uk,3049091722,$2a$04$tzi72UseiSTgXdiDBwyPGuSB23WO4hMztI79QTWCyiwpV459uy9zO,LOCAL,,
82,seed.user82@example.com,USER,false,2026-05-24T12:26:10Z,2026-05-24T12:26:10Z,Nickola Cauderlie,,uk,6139212582,$2a$04$K6xOlGIBJQU.KiUAV2ceLuYUBpaOo7hEV6J4U2Dvk0Ul5qtBMH.pG,LOCAL,,
83,seed.user83@example.com,USER,false,2026-05-26T06:37:09Z,2026-05-26T06:37:09Z,Francis Bowery,,uk,,$2a$04$h1ERxmAUbjXT/B5gBT/wUurClCKbGObxsx9pD/9iXazWbZvr31..m,LOCAL,,
84,seed.user84@example.com,USER,true,2026-04-20T10:16:50Z,2026-04-20T10:16:50Z,Sapphire Crosdill,,uk,9837793175,$2a$04$SRXrYf30YY3.JDyvI79xZ.38gOSt4pzAh8StgPS7dizl2aEfcRruy,LOCAL,,
85,seed.user85@example.com,USER,true,2026-04-27T13:13:47Z,2026-04-27T13:13:47Z,Dominick Sadat,,uk,,$2a$04$BQOShNtdlKrygacVAsIeN.rbSaWpYO3RMtNy/3L1ar02W2qHtzSjS,LOCAL,,
86,seed.user86@example.com,USER,true,2026-04-25T21:37:00Z,2026-04-25T21:37:00Z,Martelle Mirfin,,uk,3381729645,$2a$04$I02IsZIRVtzsfatQklZtOerHCajlPhvuOMs0a.iq80K8ii8/qGpkO,LOCAL,,
87,seed.user87@example.com,USER,true,2026-05-20T23:13:08Z,2026-05-20T23:13:08Z,Nicolette Jeanes,,uk,2658595067,$2a$04$ETEV2WW7T2rTXHg7wD/uc.kYbovDLK0krkC7t66TK7T211hEnDc9C,LOCAL,,
88,seed.user88@example.com,USER,true,2026-06-03T13:00:20Z,2026-06-03T13:00:20Z,Philippa Rugg,,uk,7733875500,$2a$04$6hjWa90EOdeneR90lZpLQ.ndOB0MfZyH8pk5IutV22bUwjRsp9fPa,LOCAL,,
89,seed.user89@example.com,USER,true,2026-05-18T00:18:08Z,2026-05-18T00:18:08Z,Gaston Ludmann,,uk,4521033363,$2a$04$8YtQZdXvw374YOPen7sOY.DBLydc3VMl2cnp9cYIMvoVNOQe4daV6,LOCAL,,
90,seed.user90@example.com,USER,true,2026-06-02T22:54:38Z,2026-06-02T22:54:38Z,Clovis Strickett,,uk,6952340868,$2a$04$Ko9Er0ID/aSHHEiDWzM50uSJ5bSnDL/24Mb/dlLxO/mkZbub6A1D.,LOCAL,,
91,seed.user91@example.com,USER,true,2026-04-23T13:14:35Z,2026-04-23T13:14:35Z,Hew Bednell,,uk,1568604060,$2a$04$8GhPfInvg7r9j3JLxVpV4eiHUiP7KNDuoY4uCZAaHLdFcSBRKffmO,LOCAL,,
92,seed.user92@example.com,USER,false,2026-05-28T03:19:10Z,2026-05-28T03:19:10Z,Tabbi Elnaugh,,uk,,$2a$04$b0pWo.KbTTLMZaZjkTaqEeBP/mLzJwvPDuyPi.aNqC/EMNBS22Yjm,LOCAL,,
93,seed.user93@example.com,USER,true,2026-05-24T15:44:02Z,2026-05-24T15:44:02Z,Alli Gwilym,,uk,2818991753,$2a$04$vAYCA0FB803omwOXt7NnT.eUSGDGtXF0OuFO51ufPq7Rm2jS44OM6,LOCAL,,
94,seed.user94@example.com,USER,true,2026-04-22T08:20:33Z,2026-04-22T08:20:33Z,Dennison Leuchars,,uk,3726377598,$2a$04$lCI.KP.nY3ZMZCwrqXeYmeenaWtd6r6KfEJTEjfnrox9LmOFBFqvq,LOCAL,,
95,seed.user95@example.com,USER,false,2026-06-15T10:36:17Z,2026-06-15T10:36:17Z,Suzi Sprigg,,uk,4193233930,$2a$04$BA6sSShb1YrmQ1KUaTI87uaA2VPGCeD5ccBsM3fdjFH12apxUgWaC,LOCAL,,
96,seed.user96@example.com,USER,true,2026-06-02T18:36:07Z,2026-06-02T18:36:07Z,Phyllis Izacenko,,uk,,$2a$04$DPZIYAWPzAocvhHAILgnWejNEVE.i.P6NWttHyvzUMLBoGuWP3/YO,LOCAL,,
97,seed.user97@example.com,USER,false,2026-05-11T15:55:23Z,2026-05-11T15:55:23Z,Daisey Sasser,,uk,4783625345,$2a$04$w0PFaNfrFmFVa4nIoQvdR.KhRb8DLOGro1L.4pGG/b7mssR5FNYoC,LOCAL,,
98,seed.user98@example.com,USER,true,2026-05-14T22:26:32Z,2026-05-14T22:26:32Z,Mella Quesne,,uk,,$2a$04$9aYiR4wZA24CkFJ8Cd6YNefUU.qyTNtPeqv.xU/CGcCrLaq6bxVs2,LOCAL,,
99,seed.user99@example.com,USER,true,2026-04-24T19:10:18Z,2026-04-24T19:10:18Z,Lizzie Rude,,uk,9839907444,$2a$04$Ie.5Dv75C/IYIaSdrRzKsO7RR4w4XmSvp4mdx4k51kQFVxIdmsYie,LOCAL,,
100,seed.user100@example.com,USER,false,2026-05-15T15:32:25Z,2026-05-15T15:32:25Z,Jessie Scawn,,uk,6702274145,$2a$04$d9/ig2tFy3gBbel32mAgnOg5lS0bnLd7vZuZrXVUaFUyQyNOvNLy6,LOCAL,,
101,seed.user101@example.com,USER,false,2026-04-30T13:31:14Z,2026-04-30T13:31:14Z,Langston Megany,,uk,,$2a$04$s11EfnfB4T3ynZDqBD6AWe6HHx8prazS8Fadjo2FmmDRXpWVmJdoe,LOCAL,,
102,seed.user102@example.com,USER,true,2026-05-16T17:00:37Z,2026-05-16T17:00:37Z,Melvin Martinson,,uk,5279491822,$2a$04$v6aXXv5KqTJr5dVXR8pFl.zpEqE/vreH80Yp.MgDPJbGDTPR1qtSi,LOCAL,,
103,seed.user103@example.com,USER,false,2026-06-14T23:15:57Z,2026-06-14T23:15:57Z,Matthew Pearce,,uk,6772107413,$2a$04$ooT88cw.n0EfGQBzViZj5eR.6KKzIvhim3F9qk5snbFtAphbHUHy2,LOCAL,,
104,seed.user104@example.com,USER,false,2026-06-08T07:23:16Z,2026-06-08T07:23:16Z,Alida Keaveny,,uk,,$2a$04$Tiu44XfGeyMugydP9uS5j.eJ.oblT4w3aRkNSxtvlBrWOjBx6WbsG,LOCAL,,
105,seed.user105@example.com,USER,false,2026-05-03T16:57:42Z,2026-05-03T16:57:42Z,Hy Hawkes,,uk,2329617665,$2a$04$LqlPYPpokXFaMElb1PgDre7rYcIstprkG.0rZJnyjtCgQeLYzvbKq,LOCAL,,
106,seed.user106@example.com,USER,true,2026-06-15T20:30:10Z,2026-06-15T20:30:10Z,Crichton Roz,,uk,8828407390,$2a$04$N2zAd2jekilF4sTwQwwLL.8s7xZpi3riC44P13ds5aAHjreECM10i,LOCAL,,
107,seed.user107@example.com,USER,true,2026-05-04T01:52:11Z,2026-05-04T01:52:11Z,Joby Mieville,,uk,6707789254,$2a$04$9.uAIM57IJsGxpk0SjjIt.mz58wsTzOiVAsqkVV03nFKyBuJ3gFH2,LOCAL,,
108,seed.user108@example.com,USER,true,2026-05-19T03:55:36Z,2026-05-19T03:55:36Z,Deane Champion,,uk,1023683426,$2a$04$Wyimf2zFTcO5PldE50pN9.TZW4qWP.iaf2686VrKeqFC40tdPveGW,LOCAL,,
109,seed.user109@example.com,USER,true,2026-06-09T15:50:55Z,2026-06-09T15:50:55Z,Arel Lutwyche,,uk,6764042015,$2a$04$UQD7DBsIYnBexPIvsbmbouKjtFoIVRCZqQ2kdyL3mRSsRJF3qKWjC,LOCAL,,
110,seed.user110@example.com,USER,false,2026-05-19T15:11:58Z,2026-05-19T15:11:58Z,Fairfax Matias,,uk,5303316366,$2a$04$ALPGHOUQ5GBKi0OHpY8pJOZlznBDEGKjWqMMFmfNI8YYsXtNst6a6,LOCAL,,
111,seed.user111@example.com,USER,false,2026-06-10T06:24:15Z,2026-06-10T06:24:15Z,Sadie Dounbare,,uk,,$2a$04$rRqXO30WDizv0c7ZqyfJzOc3fg3NNbCD1P6nL0UIUjbHBQXNPnqIa,LOCAL,,
112,seed.user112@example.com,USER,true,2026-05-29T17:50:23Z,2026-05-29T17:50:23Z,Gayler Cumes,,uk,6632844329,$2a$04$wcQIoavNdD8HoL1fEXXve.pJ9Ttnu6U1.un7csGMi529mbYI6Henu,LOCAL,,
113,seed.user113@example.com,USER,false,2026-06-02T18:48:18Z,2026-06-02T18:48:18Z,Georgeanne Scandrick,,uk,,$2a$04$JjdIcFuOpyK12mrDm6iyg.Xp2qCds27ivMYdWkHPbxMBzO2B1.pei,LOCAL,,
114,seed.user114@example.com,USER,false,2026-05-07T03:13:47Z,2026-05-07T03:13:47Z,Lemar Bourley,,uk,5821156270,$2a$04$qk.EX8RP.PecZqk6uHK1j.KQFUWFmHAMB1JuEwIqSnLau1w3tstIS,LOCAL,,
115,seed.user115@example.com,USER,false,2026-06-05T00:02:06Z,2026-06-05T00:02:06Z,Greer Haquard,,uk,,$2a$04$TqhhMAieCoN4cnGMhbsnMeHfveaUk2RRyfxJPWaa4UINHMF7K3aMa,LOCAL,,
116,seed.user116@example.com,USER,false,2026-06-05T15:09:02Z,2026-06-05T15:09:02Z,Moll McGilvray,,uk,3558168787,$2a$04$t7DPWUzVr8B5IRgRh9CQ8.kRENyczpyMJJf22kFez.2ortWPHj.V2,LOCAL,,
117,seed.user117@example.com,USER,true,2026-06-05T11:13:02Z,2026-06-05T11:13:02Z,Moishe Sprake,,uk,4749688137,$2a$04$ksJfRGqhtNcL2Kxh1y9tBOq15vU.teRsUuNWMdfQg54FMZRQh9HPu,LOCAL,,
118,seed.user118@example.com,USER,false,2026-06-05T14:42:09Z,2026-06-05T14:42:09Z,Jerald McEwen,,uk,,$2a$04$Sq1YyaYBiOFSVccipmSqreQyT1.qpKMk3xkEo/iRunDLbdIDnNCYO,LOCAL,,
119,seed.user119@example.com,USER,true,2026-05-04T21:48:49Z,2026-05-04T21:48:49Z,Corrine Dibley,,uk,,$2a$04$.tacUvScVOzapSzcJ3TO8e50MOfq0A7GTQqo.Ys2CPIX2PYxrex7W,LOCAL,,
120,seed.user120@example.com,USER,true,2026-06-12T03:12:28Z,2026-06-12T03:12:28Z,Koren McCrystal,,uk,7847033848,$2a$04$WAZSeDQrOGlXHbH6EHVb8um.W960tKbgvmVcCfptvsYWXhKlEl7aq,LOCAL,,
121,seed.user121@example.com,USER,true,2026-04-21T21:44:01Z,2026-04-21T21:44:01Z,Bernie Oseman,,uk,7614680953,$2a$04$9/xs.ACjB/2xFshsNnPyUunBccBCRhvXLZ9WiPYQ4hGuCPEjAtlVm,LOCAL,,
122,seed.user122@example.com,USER,true,2026-06-10T09:12:02Z,2026-06-10T09:12:02Z,Janie Piris,,uk,1285592992,$2a$04$JvbfAYVyp6HtTUWyHB.eX.7KaP2xcjG1s04bQgVW7gi89/4K00Iyi,LOCAL,,
123,seed.user123@example.com,USER,false,2026-04-24T20:47:00Z,2026-04-24T20:47:00Z,Chickie Cattenach,,uk,1947129247,$2a$04$/pj8OMTCgBi2nRQHPEISPepRqhxI0ozXR3b0N9h85YmgUb82mqwJG,LOCAL,,
124,seed.user124@example.com,USER,false,2026-04-29T06:13:07Z,2026-04-29T06:13:07Z,Gale Sharpling,,uk,,$2a$04$2r6zzONyMXlVDRh0u4XMSORYPbu9Cm2P/zFhzYDiNC245JyDMh0qe,LOCAL,,
125,seed.user125@example.com,USER,false,2026-05-02T01:18:46Z,2026-05-02T01:18:46Z,Homere Ansty,,uk,3275831396,$2a$04$pb2fpJIn7dVPsWW4AgQm/OtnuT/OBMoQOMeAUpr2KjJFmW2y.Q2Ym,LOCAL,,
126,seed.user126@example.com,USER,true,2026-05-09T18:06:49Z,2026-05-09T18:06:49Z,Erroll Pratty,,uk,2093285029,$2a$04$QMFeNPs9VbITg44o.0ddOuoF/B8eLvyLy7qoWjNWkP3/ghzdiYTO2,LOCAL,,
127,seed.user127@example.com,USER,true,2026-05-28T13:49:33Z,2026-05-28T13:49:33Z,Daisy Tuxill,,uk,5985916992,$2a$04$Om3yvgO.KTi0Hqt8A.UUU.0OjWUBRtcF3qdmbQMOrmxTenud1vIiG,LOCAL,,
128,seed.user128@example.com,USER,true,2026-05-10T00:34:24Z,2026-05-10T00:34:24Z,Othilia McFaul,,uk,6681218239,$2a$04$sZU8o/PuNdDa4qd0xTzxYOyL9z3vh6bCiCqUsSsmAmpK2PcByhk5G,LOCAL,,
129,seed.user129@example.com,USER,true,2026-04-22T05:22:38Z,2026-04-22T05:22:38Z,Annora Aird,,uk,,$2a$04$ihtInAyanclc857LKCBhhOLZAX7SvkC3B6imvqk7uxkhTMMp.VrAy,LOCAL,,
130,seed.user130@example.com,USER,true,2026-05-20T08:23:04Z,2026-05-20T08:23:04Z,Larry Shawel,,uk,8875784087,$2a$04$JLnonWuouRXZb4lN2BRgVuf.mLqOXUAu6bDP4HdgHgottrwh.TEtK,LOCAL,,
131,seed.user131@example.com,USER,false,2026-05-24T11:09:28Z,2026-05-24T11:09:28Z,Wanids Haversham,,uk,1384958025,$2a$04$u4NGhZkNR0HChKTmEt8hTO1uQMaGojQlMmDW/yvMdhXgmKc5ji4lG,LOCAL,,
132,seed.user132@example.com,USER,false,2026-06-10T22:58:54Z,2026-06-10T22:58:54Z,Kingsly Ludgrove,,uk,2857662584,$2a$04$W3xsE85VcEf4.fMx6R33QuaqaOuW5eebDdG8coaa9Z0iPAgbfvDue,LOCAL,,
133,seed.user133@example.com,USER,false,2026-06-13T19:50:33Z,2026-06-13T19:50:33Z,Roxine Spore,,uk,,$2a$04$BaXTPorZZTRokOXVE2VRgeKs.mZyHsbhssT0JcupeIhANyWQUTFqy,LOCAL,,
134,seed.user134@example.com,USER,false,2026-05-17T06:16:47Z,2026-05-17T06:16:47Z,Johannah Reek,,uk,,$2a$04$O./cU91QAtI2FrVny7Gsx.hUoVaqbTT/WdeuOc7Zjbt4JALH9vIeu,LOCAL,,
135,seed.user135@example.com,USER,true,2026-05-29T18:06:37Z,2026-05-29T18:06:37Z,Jemima Aindrais,,uk,9707051218,$2a$04$iwfm6e.b.8JYa1MbzTGofu9fHGAWQIQ2AbvHqk7jQ2UP5P9a5GzPS,LOCAL,,
136,seed.user136@example.com,USER,true,2026-05-12T00:38:22Z,2026-05-12T00:38:22Z,Gran Liversidge,,uk,7673913237,$2a$04$T1RvHrhvWseUfCWsR7FdkOzh0n6DIQ0eutvQMzPbLnGG39U8eCWa2,LOCAL,,
137,seed.user137@example.com,USER,false,2026-05-16T01:39:46Z,2026-05-16T01:39:46Z,Kimmie Abbs,,uk,7533942387,$2a$04$.6xvIB4uQ5dQKrsJC47In.I4sJg0ptgXZs6YYttL.Ry2kOLgfGSYe,LOCAL,,
138,seed.user138@example.com,USER,false,2026-06-10T13:48:32Z,2026-06-10T13:48:32Z,Hermine Philot,,uk,,$2a$04$NxXSA4YPqX.QiRFimZSLCuua/ZIzr/znOCXfRUyTbAeIWRMjjo732,LOCAL,,
139,seed.user139@example.com,USER,true,2026-05-11T08:32:48Z,2026-05-11T08:32:48Z,Dulcea Satterfitt,,uk,3768823469,$2a$04$NDkCoct9Ap7ggF.vSyT1S.ZkMHc.GdWN7T2LZhLzXGUKqjXbxQbk2,LOCAL,,
140,seed.user140@example.com,USER,true,2026-05-19T01:25:09Z,2026-05-19T01:25:09Z,Kipp Jerromes,,uk,,$2a$04$qAg5hpSscgWaVCOJ0L9pZ.H1Cp4lo.LoX1/2607UuBFcc.O.6p1f.,LOCAL,,
